stage,dataset,method,seed,query_cap,selected_query_ids,n_queries,ndcg@10,mrr@10,recall@100,latency_s_per_query,build_seconds
formal_matrix,scifact,bm25,23,50,"36,1200,1029,411,628,54,847,517,128,1389,298,691,1024,212,702,1086,1245,1202,793,623,1049,821,644,1150,163,1107,53,1352,185,525,94,960,338,421,967,742,1362,759,693,1335,137,1363,859,440,832,141,99,127,1226,637",50,0.7050074428394101,0.6694999999999999,0.94,0.0029167731998313686,0.2725895989988203
formal_matrix,scifact,bm25,41,50,"540,48,219,1337,549,975,343,911,314,544,1019,249,1041,674,132,1303,437,274,99,1163,1272,1100,649,338,185,1191,521,743,1278,913,1274,1226,1298,1363,1146,298,436,216,1088,137,659,1150,388,57,13,1245,1216,587,1062,783",50,0.6426190295379323,0.5998571428571429,0.86,0.003003480899715214,0.2725895989988203
formal_matrix,scifact,bm25,67,50,"1194,1270,589,727,598,298,641,770,324,148,1121,1362,354,1104,1320,684,1368,1273,1221,781,411,239,575,1021,569,839,1332,1319,532,831,1014,691,230,552,517,133,659,922,100,690,508,232,1088,1282,1,1336,236,674,1196,560",50,0.6224744354941601,0.612,0.856,0.0033867251798437793,0.2725895989988203
formal_matrix,scifact,bm25,83,50,"785,718,1207,1279,539,1104,1140,180,1382,1359,415,1200,1146,593,1319,513,388,922,146,743,218,692,1337,1130,1099,1049,723,508,549,967,1379,904,436,744,702,439,684,1282,587,820,911,957,1021,53,690,1273,729,921,641,130",50,0.6978472015138031,0.6631666666666667,0.94,0.0033612283399270383,0.2725895989988203
formal_matrix,scifact,bm25,127,50,"1130,985,936,1226,1086,1099,3,146,587,217,386,415,540,1175,421,380,859,1274,539,1259,1213,532,508,1062,742,1362,533,536,338,1270,808,1273,269,1225,261,837,1163,279,148,641,644,142,1104,268,133,960,238,216,684,141",50,0.739063415454122,0.7278571428571428,0.946,0.0028230884201548177,0.2725895989988203
formal_matrix,scifact,all_minilm_l6,23,50,"36,1200,1029,411,628,54,847,517,128,1389,298,691,1024,212,702,1086,1245,1202,793,623,1049,821,644,1150,163,1107,53,1352,185,525,94,960,338,421,967,742,1362,759,693,1335,137,1363,859,440,832,141,99,127,1226,637",50,0.6116606098163008,0.5677777777777777,0.92,0.00043811388011818055,0.3205467019997741
formal_matrix,scifact,all_minilm_l6,41,50,"540,48,219,1337,549,975,343,911,314,544,1019,249,1041,674,132,1303,437,274,99,1163,1272,1100,649,338,185,1191,521,743,1278,913,1274,1226,1298,1363,1146,298,436,216,1088,137,659,1150,388,57,13,1245,1216,587,1062,783",50,0.5722989892619026,0.5302460317460317,0.9,0.0001474596201296663,0.3205467019997741
formal_matrix,scifact,all_minilm_l6,67,50,"1194,1270,589,727,598,298,641,770,324,148,1121,1362,354,1104,1320,684,1368,1273,1221,781,411,239,575,1021,569,839,1332,1319,532,831,1014,691,230,552,517,133,659,922,100,690,508,232,1088,1282,1,1336,236,674,1196,560",50,0.6394752483901455,0.5962142857142856,0.94,6.64389197845594e-05,0.3205467019997741
formal_matrix,scifact,all_minilm_l6,83,50,"785,718,1207,1279,539,1104,1140,180,1382,1359,415,1200,1146,593,1319,513,388,922,146,743,218,692,1337,1130,1099,1049,723,508,549,967,1379,904,436,744,702,439,684,1282,587,820,911,957,1021,53,690,1273,729,921,641,130",50,0.7420033612683818,0.7219999999999999,0.92,0.00013624536004499532,0.3205467019997741
formal_matrix,scifact,all_minilm_l6,127,50,"1130,985,936,1226,1086,1099,3,146,587,217,386,415,540,1175,421,380,859,1274,539,1259,1213,532,508,1062,742,1362,533,536,338,1270,808,1273,269,1225,261,837,1163,279,148,641,644,142,1104,268,133,960,238,216,684,141",50,0.686477176580155,0.6684126984126985,0.94,5.544688014197163e-05,0.3205467019997741
formal_matrix,nfcorpus,bm25,23,50,"PLAIN-2440,PLAIN-1429,PLAIN-1098,PLAIN-792,PLAIN-2520,PLAIN-3074,PLAIN-2860,PLAIN-488,PLAIN-2760,PLAIN-1656,PLAIN-1962,PLAIN-2311,PLAIN-320,PLAIN-1088,PLAIN-2102,PLAIN-946,PLAIN-3241,PLAIN-1130,PLAIN-1537,PLAIN-143,PLAIN-3442,PLAIN-307,PLAIN-1119,PLAIN-395,PLAIN-987,PLAIN-3131,PLAIN-1299,PLAIN-2030,PLAIN-1193,PLAIN-78,PLAIN-2800,PLAIN-1867,PLAIN-2071,PLAIN-2780,PLAIN-671,PLAIN-691,PLAIN-2386,PLAIN-2550,PLAIN-701,PLAIN-3322,PLAIN-1887,PLAIN-3372,PLAIN-782,PLAIN-3211,PLAIN-1827,PLAIN-1919,PLAIN-1897,PLAIN-510,PLAIN-2590,PLAIN-44",50,0.226157693357506,0.37252380952380953,0.22253443491257077,0.0005158367600233759,0.22878203999971447
formal_matrix,nfcorpus,bm25,41,50,"PLAIN-2870,PLAIN-2640,PLAIN-2156,PLAIN-1847,PLAIN-2890,PLAIN-721,PLAIN-2396,PLAIN-603,PLAIN-2364,PLAIN-2880,PLAIN-1039,PLAIN-2240,PLAIN-1109,PLAIN-3171,PLAIN-1784,PLAIN-1752,PLAIN-2580,PLAIN-2271,PLAIN-946,PLAIN-751,PLAIN-1309,PLAIN-1611,PLAIN-771,PLAIN-1172,PLAIN-3141,PLAIN-2386,PLAIN-2071,PLAIN-1374,PLAIN-2770,PLAIN-3332,PLAIN-1645,PLAIN-613,PLAIN-1635,PLAIN-1506,PLAIN-1731,PLAIN-1897,PLAIN-1275,PLAIN-2311,PLAIN-2570,PLAIN-2124,PLAIN-1141,PLAIN-892,PLAIN-1919,PLAIN-3151,PLAIN-1299,PLAIN-2490,PLAIN-2950,PLAIN-1741,PLAIN-1537,PLAIN-1473",50,0.3209030171857148,0.5586666666666666,0.2286382973868251,0.00035672326001076724,0.22878203999971447
formal_matrix,nfcorpus,bm25,67,50,"PLAIN-1387,PLAIN-1590,PLAIN-3001,PLAIN-3302,PLAIN-3037,PLAIN-2311,PLAIN-817,PLAIN-3116,PLAIN-3392,PLAIN-956,PLAIN-2375,PLAIN-2019,PLAIN-1203,PLAIN-1887,PLAIN-2430,PLAIN-1183,PLAIN-1794,PLAIN-3181,PLAIN-1909,PLAIN-1621,PLAIN-1485,PLAIN-3412,PLAIN-2520,PLAIN-2220,PLAIN-2960,PLAIN-782,PLAIN-1066,PLAIN-2940,PLAIN-468,PLAIN-1817,PLAIN-1772,PLAIN-2810,PLAIN-430,PLAIN-1028,PLAIN-320,PLAIN-2167,PLAIN-291,PLAIN-2760,PLAIN-1805,PLAIN-3151,PLAIN-645,PLAIN-1018,PLAIN-806,PLAIN-3191,PLAIN-2710,PLAIN-217,PLAIN-1141,PLAIN-1690,PLAIN-872,PLAIN-1008",50,0.24220117350165019,0.4163333333333333,0.23139194637822677,0.0005331635401307722,0.22878203999971447
formal_matrix,nfcorpus,bm25,83,50,"PLAIN-344,PLAIN-3271,PLAIN-1453,PLAIN-165,PLAIN-2850,PLAIN-1183,PLAIN-1249,PLAIN-2061,PLAIN-1950,PLAIN-1877,PLAIN-2530,PLAIN-1429,PLAIN-1275,PLAIN-3014,PLAIN-1772,PLAIN-2730,PLAIN-2490,PLAIN-645,PLAIN-2009,PLAIN-3332,PLAIN-977,PLAIN-2145,PLAIN-3201,PLAIN-1847,PLAIN-1225,PLAIN-1161,PLAIN-1119,PLAIN-33,PLAIN-2710,PLAIN-2890,PLAIN-701,PLAIN-1940,PLAIN-583,PLAIN-2570,PLAIN-3342,PLAIN-3241,PLAIN-817,PLAIN-259,PLAIN-3181,PLAIN-1690,PLAIN-2991,PLAIN-987,PLAIN-383,PLAIN-603,PLAIN-681,PLAIN-1066,PLAIN-2800,PLAIN-3191,PLAIN-946,PLAIN-1621",50,0.24845644567552572,0.42422222222222217,0.20481203677455354,0.0005506693800998619,0.22878203999971447
formal_matrix,nfcorpus,bm25,127,50,"PLAIN-1225,PLAIN-966,PLAIN-741,PLAIN-660,PLAIN-1506,PLAIN-1130,PLAIN-1161,PLAIN-2321,PLAIN-2009,PLAIN-2991,PLAIN-2134,PLAIN-2480,PLAIN-2530,PLAIN-2870,PLAIN-1320,PLAIN-2550,PLAIN-2460,PLAIN-510,PLAIN-1635,PLAIN-2850,PLAIN-1547,PLAIN-1463,PLAIN-792,PLAIN-2810,PLAIN-2710,PLAIN-112,PLAIN-3322,PLAIN-1887,PLAIN-882,PLAIN-2820,PLAIN-2840,PLAIN-2386,PLAIN-1590,PLAIN-3472,PLAIN-1621,PLAIN-227,PLAIN-934,PLAIN-1496,PLAIN-2250,PLAIN-457,PLAIN-1309,PLAIN-2291,PLAIN-2019,PLAIN-3116,PLAIN-3131,PLAIN-1995,PLAIN-1183,PLAIN-2261,PLAIN-1805,PLAIN-691",50,0.26155443446975474,0.42241269841269835,0.2025760565457831,0.0005327935398963746,0.22878203999971447
formal_matrix,nfcorpus,all_minilm_l6,23,50,"PLAIN-2440,PLAIN-1429,PLAIN-1098,PLAIN-792,PLAIN-2520,PLAIN-3074,PLAIN-2860,PLAIN-488,PLAIN-2760,PLAIN-1656,PLAIN-1962,PLAIN-2311,PLAIN-320,PLAIN-1088,PLAIN-2102,PLAIN-946,PLAIN-3241,PLAIN-1130,PLAIN-1537,PLAIN-143,PLAIN-3442,PLAIN-307,PLAIN-1119,PLAIN-395,PLAIN-987,PLAIN-3131,PLAIN-1299,PLAIN-2030,PLAIN-1193,PLAIN-78,PLAIN-2800,PLAIN-1867,PLAIN-2071,PLAIN-2780,PLAIN-671,PLAIN-691,PLAIN-2386,PLAIN-2550,PLAIN-701,PLAIN-3322,PLAIN-1887,PLAIN-3372,PLAIN-782,PLAIN-3211,PLAIN-1827,PLAIN-1919,PLAIN-1897,PLAIN-510,PLAIN-2590,PLAIN-44",50,0.2647341546050322,0.37857142857142856,0.2874513760733326,0.000533370500052115,0.12925357399944915
formal_matrix,nfcorpus,all_minilm_l6,41,50,"PLAIN-2870,PLAIN-2640,PLAIN-2156,PLAIN-1847,PLAIN-2890,PLAIN-721,PLAIN-2396,PLAIN-603,PLAIN-2364,PLAIN-2880,PLAIN-1039,PLAIN-2240,PLAIN-1109,PLAIN-3171,PLAIN-1784,PLAIN-1752,PLAIN-2580,PLAIN-2271,PLAIN-946,PLAIN-751,PLAIN-1309,PLAIN-1611,PLAIN-771,PLAIN-1172,PLAIN-3141,PLAIN-2386,PLAIN-2071,PLAIN-1374,PLAIN-2770,PLAIN-3332,PLAIN-1645,PLAIN-613,PLAIN-1635,PLAIN-1506,PLAIN-1731,PLAIN-1897,PLAIN-1275,PLAIN-2311,PLAIN-2570,PLAIN-2124,PLAIN-1141,PLAIN-892,PLAIN-1919,PLAIN-3151,PLAIN-1299,PLAIN-2490,PLAIN-2950,PLAIN-1741,PLAIN-1537,PLAIN-1473",50,0.2997637858902215,0.5116031746031745,0.2699638847964287,0.00013469504003296606,0.12925357399944915
formal_matrix,nfcorpus,all_minilm_l6,67,50,"PLAIN-1387,PLAIN-1590,PLAIN-3001,PLAIN-3302,PLAIN-3037,PLAIN-2311,PLAIN-817,PLAIN-3116,PLAIN-3392,PLAIN-956,PLAIN-2375,PLAIN-2019,PLAIN-1203,PLAIN-1887,PLAIN-2430,PLAIN-1183,PLAIN-1794,PLAIN-3181,PLAIN-1909,PLAIN-1621,PLAIN-1485,PLAIN-3412,PLAIN-2520,PLAIN-2220,PLAIN-2960,PLAIN-782,PLAIN-1066,PLAIN-2940,PLAIN-468,PLAIN-1817,PLAIN-1772,PLAIN-2810,PLAIN-430,PLAIN-1028,PLAIN-320,PLAIN-2167,PLAIN-291,PLAIN-2760,PLAIN-1805,PLAIN-3151,PLAIN-645,PLAIN-1018,PLAIN-806,PLAIN-3191,PLAIN-2710,PLAIN-217,PLAIN-1141,PLAIN-1690,PLAIN-872,PLAIN-1008",50,0.23394309622171813,0.38166666666666665,0.29801094423938534,6.245444001251599e-05,0.12925357399944915
formal_matrix,nfcorpus,all_minilm_l6,83,50,"PLAIN-344,PLAIN-3271,PLAIN-1453,PLAIN-165,PLAIN-2850,PLAIN-1183,PLAIN-1249,PLAIN-2061,PLAIN-1950,PLAIN-1877,PLAIN-2530,PLAIN-1429,PLAIN-1275,PLAIN-3014,PLAIN-1772,PLAIN-2730,PLAIN-2490,PLAIN-645,PLAIN-2009,PLAIN-3332,PLAIN-977,PLAIN-2145,PLAIN-3201,PLAIN-1847,PLAIN-1225,PLAIN-1161,PLAIN-1119,PLAIN-33,PLAIN-2710,PLAIN-2890,PLAIN-701,PLAIN-1940,PLAIN-583,PLAIN-2570,PLAIN-3342,PLAIN-3241,PLAIN-817,PLAIN-259,PLAIN-3181,PLAIN-1690,PLAIN-2991,PLAIN-987,PLAIN-383,PLAIN-603,PLAIN-681,PLAIN-1066,PLAIN-2800,PLAIN-3191,PLAIN-946,PLAIN-1621",50,0.25666694961405734,0.4350238095238095,0.25313427666049776,7.048466006381204e-05,0.12925357399944915
formal_matrix,nfcorpus,all_minilm_l6,127,50,"PLAIN-1225,PLAIN-966,PLAIN-741,PLAIN-660,PLAIN-1506,PLAIN-1130,PLAIN-1161,PLAIN-2321,PLAIN-2009,PLAIN-2991,PLAIN-2134,PLAIN-2480,PLAIN-2530,PLAIN-2870,PLAIN-1320,PLAIN-2550,PLAIN-2460,PLAIN-510,PLAIN-1635,PLAIN-2850,PLAIN-1547,PLAIN-1463,PLAIN-792,PLAIN-2810,PLAIN-2710,PLAIN-112,PLAIN-3322,PLAIN-1887,PLAIN-882,PLAIN-2820,PLAIN-2840,PLAIN-2386,PLAIN-1590,PLAIN-3472,PLAIN-1621,PLAIN-227,PLAIN-934,PLAIN-1496,PLAIN-2250,PLAIN-457,PLAIN-1309,PLAIN-2291,PLAIN-2019,PLAIN-3116,PLAIN-3131,PLAIN-1995,PLAIN-1183,PLAIN-2261,PLAIN-1805,PLAIN-691",50,0.2464856407346029,0.34971428571428576,0.2801216476372417,4.9828779956442305e-05,0.12925357399944915
formal_matrix,arguana,bm25,23,50,"test-international-bldimehbn-pro01a,test-economy-bhahwbsps-pro02a,test-culture-mmctghwbsa-pro02a,test-religion-cmrsgfhbr-con01a,test-international-eiahwpamu-pro05a,test-law-phwmfri-pro03a,test-international-siacphbnt-pro02a,test-politics-ghbgussbsbt-con01a,test-international-iighbopcc-pro03a,test-education-egtuscpih-pro01a,test-free-speech-debate-fsaphgiap-pro01a,test-international-aghwrem-con04a,test-law-thgglcplgphw-pro02a,test-culture-mmciahbans-pro03a,test-health-dhghhbampt-con02a,test-science-ciidfaihwc-pro03a,test-philosophy-apessghwba-pro03a,test-culture-mthbah-pro01a,test-economy-epsihbdns-con01a,test-economy-egecegphw-con02a,test-politics-cdmaggpdgdf-con04a,test-law-phwmfri-con01a,test-culture-mmctyshwbcp-pro01a,test-politics-dhbanhrnw-pro04a,test-science-eassgbatj-con01a,test-law-sdfclhrppph-con01a,test-international-ipecfiepg-con02a,test-digital-freedoms-phwnaccpdt-pro03a,test-free-speech-debate-nshbbsbfb-pro04a,test-digital-freedoms-aihbiahr-con04a,test-politics-ypppgvhwmv-con03a,test-international-miasimyhw-pro05a,test-society-ghbgqeaaems-pro03a,test-environment-aiahwagit-pro05a,test-science-ciidfaihwc-pro04a,test-health-ahiahbgbsp-con01a,test-international-iwiaghbss-con02a,test-politics-oapghwliva-pro01a,test-politics-oepghbrnsl-pro02a,test-international-apwhbaucmip-con03a,test-society-mmcpsgfhbf-con04a,test-international-epglghbni-con02a,test-politics-oepghbrnsl-pro04a,test-philosophy-npegiepp-pro01a,test-environment-chbwtlgcc-con01a,test-philosophy-pphbclsbs-pro03a,test-politics-ypppgvhwmv-pro03a,test-law-tlcplghwfne-pro02a,test-sport-otshwbe2uuyt-con01a,test-society-asfhwapg-con01a",50,0.3431842628386352,0.22990476190476192,0.92,0.05821150836010929,0.40594054000030155
formal_matrix,arguana,bm25,41,50,"test-international-ssiarcmhb-con01a,test-international-glilpdwhsn-pro03a,test-health-dhgsshbesbc-pro04a,test-environment-aeghhgwpe-pro01a,test-international-ssiarcmhb-pro05a,test-politics-oglilpdwhsn-con02a,test-international-apwhbaucmip-pro03a,test-politics-lghwdecm-con04a,test-international-amehbuaisji-pro03a,test-international-ssiarcmhb-pro01a,test-politics-oeplhbuwhmi-pro03a,test-culture-cgeeghwmeo-pro02a,test-health-hpehwadvoee-pro04a,test-society-mmcpsgfhbf-pro02a,test-culture-mmctyshwbcp-con01a,test-law-tahglcphsld-pro01a,test-education-ughbuesbf-con02a,test-education-udfakusma-pro01a,test-international-epvhwhranet-con04a,test-environment-aeghhgwpe-pro04a,test-international-aegmeppghw-con02a,test-society-epsihbdns-pro03a,test-science-ciidfaihwc-pro04a,test-politics-ypppdghwid-con01a,test-digital-freedoms-piidfaihbg-pro01a,test-economy-thsptr-con01a,test-politics-ypppdghwid-pro04a,test-culture-tlhrilsfhwr-pro03a,test-law-sdfclhrppph-pro01a,test-international-apwhbaucmip-con04a,test-health-ahiahbgbsp-con01a,test-economy-bepiehbesa-pro02a,test-international-ipecfiepg-con04a,test-philosophy-npegiepp-pro04a,test-education-egscphsrdt-con02a,test-politics-mtpghwaacb-con01a,test-society-tsmihwurpp-con03a,test-economy-thsptr-pro04a,test-economy-epehwmrbals-con03a,test-education-pteuhwfphe-pro03a,test-environment-chbwtlgcc-con02a,test-digital-freedoms-eifpgdff-pro01a,test-international-aghwrem-con02a,test-international-epvhwhranet-con01a,test-health-dhghwapgd-pro01a,test-science-ciidfaihwc-pro02a,test-culture-mthbah-pro04a,test-religion-wcprrgrhbmi-pro02a,test-environment-ehwsnwu-con03a,test-law-sdiflhrdffe-con02a",50,0.3387250281031646,0.21315873015873016,0.94,0.06481313406005938,0.40594054000030155
formal_matrix,arguana,bm25,67,50,"test-economy-bepighbdb-con03a,test-economy-fiahwpamu-pro04a,test-law-ilppppghb-pro01a,test-philosophy-eppphwlrtjs-pro04a,test-law-lghwpcctcc-con03a,test-international-aghwrem-con03a,test-religion-frghbbgi-pro01a,test-law-rmelhrilhbiw-pro01a,test-philosophy-pppgshbsd-pro02a,test-science-cpisydfphwj-con02a,test-international-appghblsba-con03a,test-free-speech-debate-nshbbsbfb-con03a,test-society-asfhwapg-con04a,test-digital-freedoms-aihwbasmn-pro01a,test-society-simhbrasnba-pro03a,test-environment-assgbatj-pro05a,test-international-atiahblit-pro04a,test-digital-freedoms-aihbiahr-con03a,test-education-ughbuesbf-pro03a,test-law-tahglcphsld-pro02a,test-environment-ehwsnwu-con01a,test-economy-thsptr-pro02a,test-sport-tshbmlbscac-pro04a,test-economy-epegiahsc-con03a,test-philosophy-pppthbtcb-pro02a,test-international-emephsate-con03a,test-health-hgwhwbjfs-pro02a,test-law-hrilpgwhwr-con02a,test-politics-ypppgvhwmv-pro05a,test-culture-mmciahbans-pro01a,test-law-cppshbcjsfm-con02a,test-society-epiasghbf-pro01a,test-politics-eppghwlrba-pro04a,test-education-usuprmhbu-pro01a,test-education-ufsdfkhbwu-con03a,test-international-segiahbarr-con04a,test-politics-eppghwgpi-con03a,test-culture-ascidfakhba-pro04a,test-law-thgglcplgphw-pro01a,test-health-dhiacihwph-pro02a,test-society-epiasghbf-pro02a,test-society-tlhrilsfhwr-pro04a,test-sport-aastshsrqsar-con04a,test-law-cpilhbishioe-pro03a,test-digital-freedoms-aihwbasmn-pro03a,test-international-iighbopcc-pro03a,test-education-usuprmhbu-con03a,test-law-sdiflhrdffe-con03a,test-politics-nlpdwhbusbuc-pro03a,test-culture-ahrtsdlgra-pro03a",50,0.3318401567934075,0.22040476190476194,0.96,0.06103239490017586,0.40594054000030155
formal_matrix,arguana,bm25,83,50,"test-politics-cdfsaphgiap-pro04a,test-philosophy-elkosmj-con01a,test-economy-egiahbwaka-con02a,test-education-egtuscpih-con02a,test-international-siacphbnt-pro01a,test-digital-freedoms-aihbiahr-con02a,test-digital-freedoms-eifdfaihs-con01a,test-society-epiasghbf-con04a,test-free-speech-debate-radhbsshr-pro02a,test-free-speech-debate-fchbjaj-pro02a,test-environment-assgbatj-con04a,test-international-emephsate-pro01a,test-economy-bhahwbsps-con03a,test-digital-freedoms-eifpgdff-pro03a,test-law-lghbacpsba-con01a,test-education-ufsdfkhbwu-pro02a,test-international-iiahwagit-con04a,test-international-ehbfe-pro02a,test-politics-nlpdwhbusbuc-pro03a,test-free-speech-debate-magghbcrg-pro03a,test-philosophy-npegiepp-pro04a,test-science-dssghsdmd-pro02a,test-health-dhgsshbesbc-pro02a,test-law-tlcplghwfne-con02a,test-environment-aeghhgwpe-pro02a,test-digital-freedoms-dfiphbgs-pro03a,test-culture-tlhrilsfhwr-con01a,test-culture-mmctyshwbcp-pro01a,test-philosophy-eppphwlrtjs-pro02a,test-international-gsciidffe-pro01a,test-law-cpilhbishioe-con02a,test-politics-oeplhbuwhmi-con02a,test-environment-opecewiahw-pro03a,test-politics-gvhwhnerse-pro03a,test-international-epglghbni-pro05a,test-philosophy-npppmhwup-con03a,test-philosophy-apessghwba-pro03a,test-religion-frghbbgi-pro01a,test-international-ghbunhf-con02a,test-law-tahglcphsld-pro04a,test-health-dhgsshbesbc-pro03a,test-education-pshhghwpba0-pro04a,test-law-ilppppghb-con02a,test-science-eassgbatj-con03a,test-politics-dhbanhrnw-con05a,test-politics-lghwdecm-pro03a,test-environment-opecewiahw-pro02a,test-politics-oepdlhfcefp-pro04a,test-education-egtuscpih-con01a,test-culture-mmciahbans-con04a",50,0.33885163074893837,0.22499999999999992,0.92,0.05791518325982906,0.40594054000030155
formal_matrix,arguana,bm25,127,50,"test-digital-freedoms-efsappgdfp-con01a,test-science-cpisydfphwj-pro03a,test-politics-oglilpdwhsn-pro03a,test-politics-oapghwliva-con01a,test-economy-epehwmrbals-con01a,test-culture-mthbah-con03a,test-culture-thbcsbptwhht-pro04a,test-international-aghwrem-pro02a,test-free-speech-debate-nshbbsbfb-con01a,test-law-ilppppghb-con03a,test-health-dhghwapgd-pro04a,test-international-ehbfe-con01a,test-sport-aastshsrqsar-pro02a,test-society-tlhrilsfhwr-pro02a,test-international-epdlhfcefp-con01a,test-international-ssiarcmhb-con02a,test-digital-freedoms-piidfiphwu-pro01a,test-international-epdlhfcefp-pro03a,test-international-bmaggiahbl-pro03a,test-politics-glghssi-con01a,test-economy-thsptr-pro05a,test-international-siacphbnt-con04a,test-economy-epsihbdns-pro01a,test-economy-egiahbwaka-pro02a,test-religion-cmrsgfhbr-con01a,test-international-segiahbarr-con03a,test-international-gsciidffe-pro01a,test-culture-mmctyshwbcp-pro05a,test-philosophy-npegiepp-con03a,test-environment-assgbatj-pro05a,test-religion-wcprrgrhbmi-con03a,test-international-segiahbarr-pro04a,test-international-siacphbnt-con01a,test-international-apwhbaucmip-pro02a,test-economy-fiahwpamu-pro03a,test-politics-cpegiepgh-con02a,test-economy-thsptr-con05a,test-international-aahwstdrtfm-pro02a,test-science-ciidfaihwc-con01a,test-economy-epegiahsc-pro02a,test-health-ppelfhwbpba-con03a,test-politics-eppghwlrba-con03a,test-digital-freedoms-piidfaihbg-pro02a,test-international-aegmeppghw-pro04a,test-free-speech-debate-nshbbsbfb-pro01a,test-law-rmelhrilhbiw-pro01a,test-international-apwhbaucmip-pro01a,test-law-rmelhrilhbiw-pro02a,test-free-speech-debate-ldhwprhs-con02a,test-society-mmcpsgfhbf-pro01a",50,0.3064518015176007,0.2066111111111111,0.94,0.06666309084004751,0.40594054000030155
formal_matrix,arguana,all_minilm_l6,23,50,"test-international-bldimehbn-pro01a,test-economy-bhahwbsps-pro02a,test-culture-mmctghwbsa-pro02a,test-religion-cmrsgfhbr-con01a,test-international-eiahwpamu-pro05a,test-law-phwmfri-pro03a,test-international-siacphbnt-pro02a,test-politics-ghbgussbsbt-con01a,test-international-iighbopcc-pro03a,test-education-egtuscpih-pro01a,test-free-speech-debate-fsaphgiap-pro01a,test-international-aghwrem-con04a,test-law-thgglcplgphw-pro02a,test-culture-mmciahbans-pro03a,test-health-dhghhbampt-con02a,test-science-ciidfaihwc-pro03a,test-philosophy-apessghwba-pro03a,test-culture-mthbah-pro01a,test-economy-epsihbdns-con01a,test-economy-egecegphw-con02a,test-politics-cdmaggpdgdf-con04a,test-law-phwmfri-con01a,test-culture-mmctyshwbcp-pro01a,test-politics-dhbanhrnw-pro04a,test-science-eassgbatj-con01a,test-law-sdfclhrppph-con01a,test-international-ipecfiepg-con02a,test-digital-freedoms-phwnaccpdt-pro03a,test-free-speech-debate-nshbbsbfb-pro04a,test-digital-freedoms-aihbiahr-con04a,test-politics-ypppgvhwmv-con03a,test-international-miasimyhw-pro05a,test-society-ghbgqeaaems-pro03a,test-environment-aiahwagit-pro05a,test-science-ciidfaihwc-pro04a,test-health-ahiahbgbsp-con01a,test-international-iwiaghbss-con02a,test-politics-oapghwliva-pro01a,test-politics-oepghbrnsl-pro02a,test-international-apwhbaucmip-con03a,test-society-mmcpsgfhbf-con04a,test-international-epglghbni-con02a,test-politics-oepghbrnsl-pro04a,test-philosophy-npegiepp-pro01a,test-environment-chbwtlgcc-con01a,test-philosophy-pphbclsbs-pro03a,test-politics-ypppgvhwmv-pro03a,test-law-tlcplghwfne-pro02a,test-sport-otshwbe2uuyt-con01a,test-society-asfhwapg-con01a",50,0.3460155772356026,0.23285714285714285,1.0,0.00023700164001638768,2.4479804370002967
formal_matrix,arguana,all_minilm_l6,41,50,"test-international-ssiarcmhb-con01a,test-international-glilpdwhsn-pro03a,test-health-dhgsshbesbc-pro04a,test-environment-aeghhgwpe-pro01a,test-international-ssiarcmhb-pro05a,test-politics-oglilpdwhsn-con02a,test-international-apwhbaucmip-pro03a,test-politics-lghwdecm-con04a,test-international-amehbuaisji-pro03a,test-international-ssiarcmhb-pro01a,test-politics-oeplhbuwhmi-pro03a,test-culture-cgeeghwmeo-pro02a,test-health-hpehwadvoee-pro04a,test-society-mmcpsgfhbf-pro02a,test-culture-mmctyshwbcp-con01a,test-law-tahglcphsld-pro01a,test-education-ughbuesbf-con02a,test-education-udfakusma-pro01a,test-international-epvhwhranet-con04a,test-environment-aeghhgwpe-pro04a,test-international-aegmeppghw-con02a,test-society-epsihbdns-pro03a,test-science-ciidfaihwc-pro04a,test-politics-ypppdghwid-con01a,test-digital-freedoms-piidfaihbg-pro01a,test-economy-thsptr-con01a,test-politics-ypppdghwid-pro04a,test-culture-tlhrilsfhwr-pro03a,test-law-sdfclhrppph-pro01a,test-international-apwhbaucmip-con04a,test-health-ahiahbgbsp-con01a,test-economy-bepiehbesa-pro02a,test-international-ipecfiepg-con04a,test-philosophy-npegiepp-pro04a,test-education-egscphsrdt-con02a,test-politics-mtpghwaacb-con01a,test-society-tsmihwurpp-con03a,test-economy-thsptr-pro04a,test-economy-epehwmrbals-con03a,test-education-pteuhwfphe-pro03a,test-environment-chbwtlgcc-con02a,test-digital-freedoms-eifpgdff-pro01a,test-international-aghwrem-con02a,test-international-epvhwhranet-con01a,test-health-dhghwapgd-pro01a,test-science-ciidfaihwc-pro02a,test-culture-mthbah-pro04a,test-religion-wcprrgrhbmi-pro02a,test-environment-ehwsnwu-con03a,test-law-sdiflhrdffe-con02a",50,0.3719931807195834,0.23757936507936506,0.96,0.000333190540150099,2.4479804370002967
formal_matrix,arguana,all_minilm_l6,67,50,"test-economy-bepighbdb-con03a,test-economy-fiahwpamu-pro04a,test-law-ilppppghb-pro01a,test-philosophy-eppphwlrtjs-pro04a,test-law-lghwpcctcc-con03a,test-international-aghwrem-con03a,test-religion-frghbbgi-pro01a,test-law-rmelhrilhbiw-pro01a,test-philosophy-pppgshbsd-pro02a,test-science-cpisydfphwj-con02a,test-international-appghblsba-con03a,test-free-speech-debate-nshbbsbfb-con03a,test-society-asfhwapg-con04a,test-digital-freedoms-aihwbasmn-pro01a,test-society-simhbrasnba-pro03a,test-environment-assgbatj-pro05a,test-international-atiahblit-pro04a,test-digital-freedoms-aihbiahr-con03a,test-education-ughbuesbf-pro03a,test-law-tahglcphsld-pro02a,test-environment-ehwsnwu-con01a,test-economy-thsptr-pro02a,test-sport-tshbmlbscac-pro04a,test-economy-epegiahsc-con03a,test-philosophy-pppthbtcb-pro02a,test-international-emephsate-con03a,test-health-hgwhwbjfs-pro02a,test-law-hrilpgwhwr-con02a,test-politics-ypppgvhwmv-pro05a,test-culture-mmciahbans-pro01a,test-law-cppshbcjsfm-con02a,test-society-epiasghbf-pro01a,test-politics-eppghwlrba-pro04a,test-education-usuprmhbu-pro01a,test-education-ufsdfkhbwu-con03a,test-international-segiahbarr-con04a,test-politics-eppghwgpi-con03a,test-culture-ascidfakhba-pro04a,test-law-thgglcplgphw-pro01a,test-health-dhiacihwph-pro02a,test-society-epiasghbf-pro02a,test-society-tlhrilsfhwr-pro04a,test-sport-aastshsrqsar-con04a,test-law-cpilhbishioe-pro03a,test-digital-freedoms-aihwbasmn-pro03a,test-international-iighbopcc-pro03a,test-education-usuprmhbu-con03a,test-law-sdiflhrdffe-con03a,test-politics-nlpdwhbusbuc-pro03a,test-culture-ahrtsdlgra-pro03a",50,0.368264874901951,0.24329365079365078,0.96,0.0001797616399562685,2.4479804370002967
formal_matrix,arguana,all_minilm_l6,83,50,"test-politics-cdfsaphgiap-pro04a,test-philosophy-elkosmj-con01a,test-economy-egiahbwaka-con02a,test-education-egtuscpih-con02a,test-international-siacphbnt-pro01a,test-digital-freedoms-aihbiahr-con02a,test-digital-freedoms-eifdfaihs-con01a,test-society-epiasghbf-con04a,test-free-speech-debate-radhbsshr-pro02a,test-free-speech-debate-fchbjaj-pro02a,test-environment-assgbatj-con04a,test-international-emephsate-pro01a,test-economy-bhahwbsps-con03a,test-digital-freedoms-eifpgdff-pro03a,test-law-lghbacpsba-con01a,test-education-ufsdfkhbwu-pro02a,test-international-iiahwagit-con04a,test-international-ehbfe-pro02a,test-politics-nlpdwhbusbuc-pro03a,test-free-speech-debate-magghbcrg-pro03a,test-philosophy-npegiepp-pro04a,test-science-dssghsdmd-pro02a,test-health-dhgsshbesbc-pro02a,test-law-tlcplghwfne-con02a,test-environment-aeghhgwpe-pro02a,test-digital-freedoms-dfiphbgs-pro03a,test-culture-tlhrilsfhwr-con01a,test-culture-mmctyshwbcp-pro01a,test-philosophy-eppphwlrtjs-pro02a,test-international-gsciidffe-pro01a,test-law-cpilhbishioe-con02a,test-politics-oeplhbuwhmi-con02a,test-environment-opecewiahw-pro03a,test-politics-gvhwhnerse-pro03a,test-international-epglghbni-pro05a,test-philosophy-npppmhwup-con03a,test-philosophy-apessghwba-pro03a,test-religion-frghbbgi-pro01a,test-international-ghbunhf-con02a,test-law-tahglcphsld-pro04a,test-health-dhgsshbesbc-pro03a,test-education-pshhghwpba0-pro04a,test-law-ilppppghb-con02a,test-science-eassgbatj-con03a,test-politics-dhbanhrnw-con05a,test-politics-lghwdecm-pro03a,test-environment-opecewiahw-pro02a,test-politics-oepdlhfcefp-pro04a,test-education-egtuscpih-con01a,test-culture-mmciahbans-con04a",50,0.3915560314279993,0.2573174603174603,0.96,7.505385994591052e-05,2.4479804370002967
formal_matrix,arguana,all_minilm_l6,127,50,"test-digital-freedoms-efsappgdfp-con01a,test-science-cpisydfphwj-pro03a,test-politics-oglilpdwhsn-pro03a,test-politics-oapghwliva-con01a,test-economy-epehwmrbals-con01a,test-culture-mthbah-con03a,test-culture-thbcsbptwhht-pro04a,test-international-aghwrem-pro02a,test-free-speech-debate-nshbbsbfb-con01a,test-law-ilppppghb-con03a,test-health-dhghwapgd-pro04a,test-international-ehbfe-con01a,test-sport-aastshsrqsar-pro02a,test-society-tlhrilsfhwr-pro02a,test-international-epdlhfcefp-con01a,test-international-ssiarcmhb-con02a,test-digital-freedoms-piidfiphwu-pro01a,test-international-epdlhfcefp-pro03a,test-international-bmaggiahbl-pro03a,test-politics-glghssi-con01a,test-economy-thsptr-pro05a,test-international-siacphbnt-con04a,test-economy-epsihbdns-pro01a,test-economy-egiahbwaka-pro02a,test-religion-cmrsgfhbr-con01a,test-international-segiahbarr-con03a,test-international-gsciidffe-pro01a,test-culture-mmctyshwbcp-pro05a,test-philosophy-npegiepp-con03a,test-environment-assgbatj-pro05a,test-religion-wcprrgrhbmi-con03a,test-international-segiahbarr-pro04a,test-international-siacphbnt-con01a,test-international-apwhbaucmip-pro02a,test-economy-fiahwpamu-pro03a,test-politics-cpegiepgh-con02a,test-economy-thsptr-con05a,test-international-aahwstdrtfm-pro02a,test-science-ciidfaihwc-con01a,test-economy-epegiahsc-pro02a,test-health-ppelfhwbpba-con03a,test-politics-eppghwlrba-con03a,test-digital-freedoms-piidfaihbg-pro02a,test-international-aegmeppghw-pro04a,test-free-speech-debate-nshbbsbfb-pro01a,test-law-rmelhrilhbiw-pro01a,test-international-apwhbaucmip-pro01a,test-law-rmelhrilhbiw-pro02a,test-free-speech-debate-ldhwprhs-con02a,test-society-mmcpsgfhbf-pro01a",50,0.3397839759116168,0.2257063492063492,0.96,8.107514011499006e-05,2.4479804370002967
formal_matrix,fiqa,bm25,23,50,"4846,1920,10526,928,5064,6715,6002,8079,5653,2579,3503,4571,6901,10462,3909,9735,7071,10645,2348,1948,7594,6683,10596,7803,988,6807,5683,1321,3724,1085,9188,5862,3148,3830,5763,8795,89,4785,5125,8934,7311,3189,7445,9245,691,3039,3394,3254,8121,5228",50,0.257852080226882,0.3376904761904762,0.4810952380952381,0.04397391037997295,2.225511111999367
formal_matrix,fiqa,bm25,41,50,"6005,5343,4071,3067,6041,8970,4813,8537,475,603,8959,10246,4335,10547,687,2903,2857,5172,3085,4447,9735,9088,1391,2445,9164,10812,6814,4785,3830,18,570,7326,2513,8544,2486,2264,2737,3254,1297,4539,5155,4007,9733,10674,9548,3394,684,1321,503,6262",50,0.1932195743842356,0.23752380952380953,0.47089743589743593,0.03858111930010637,2.225511111999367
formal_matrix,fiqa,bm25,67,50,"1815,2407,6525,7206,6629,4571,932,6800,7484,9737,4756,3683,10932,3189,4844,10845,2968,6875,3369,2472,2154,7512,5067,4265,6278,9275,10447,6221,8034,3008,2891,5888,7928,10152,6896,4102,6122,10975,5653,3006,684,864,10109,9296,6890,5534,4116,10674,2598,945",50,0.2759196887317191,0.3141666666666667,0.476547619047619,0.050544817580048404,2.225511111999367
formal_matrix,fiqa,bm25,83,50,"7590,7109,2051,2551,5993,10845,1198,3791,3480,3177,5080,1915,1306,6562,2895,5592,503,864,3682,7326,9871,4047,6907,3067,11054,10808,10596,7205,5534,6080,8937,3446,852,5150,7344,7071,932,5196,689,2598,6479,9882,776,8539,885,2549,10414,5862,6890,6909",50,0.2901015136444836,0.3693888888888888,0.4843333333333334,0.045961695599871746,2.225511111999367
formal_matrix,fiqa,bm25,127,50,"11054,98,90,8789,2204,10639,10792,4600,3682,6479,4019,4999,5083,6005,1416,5090,4942,8121,2498,5993,2383,2075,928,5888,5534,10601,7295,3189,9487,5906,5970,4804,2407,7705,2465,4415,9668,2183,4394,8005,1393,4499,3694,6800,6803,3569,10827,4409,2994,89",50,0.2050320072669525,0.3146349206349206,0.42878632478632484,0.0472337084801984,2.225511111999367
formal_matrix,fiqa,all_minilm_l6,23,50,"4846,1920,10526,928,5064,6715,6002,8079,5653,2579,3503,4571,6901,10462,3909,9735,7071,10645,2348,1948,7594,6683,10596,7803,988,6807,5683,1321,3724,1085,9188,5862,3148,3830,5763,8795,89,4785,5125,8934,7311,3189,7445,9245,691,3039,3394,3254,8121,5228",50,0.40882335388127244,0.49063492063492053,0.7168095238095238,0.0027609159797793836,0.25368430700109457
formal_matrix,fiqa,all_minilm_l6,41,50,"6005,5343,4071,3067,6041,8970,4813,8537,475,603,8959,10246,4335,10547,687,2903,2857,5172,3085,4447,9735,9088,1391,2445,9164,10812,6814,4785,3830,18,570,7326,2513,8544,2486,2264,2737,3254,1297,4539,5155,4007,9733,10674,9548,3394,684,1321,503,6262",50,0.3791287043403589,0.4506666666666667,0.763974358974359,0.0032418233598582448,0.25368430700109457
formal_matrix,fiqa,all_minilm_l6,67,50,"1815,2407,6525,7206,6629,4571,932,6800,7484,9737,4756,3683,10932,3189,4844,10845,2968,6875,3369,2472,2154,7512,5067,4265,6278,9275,10447,6221,8034,3008,2891,5888,7928,10152,6896,4102,6122,10975,5653,3006,684,864,10109,9296,6890,5534,4116,10674,2598,945",50,0.39416946989025337,0.5046904761904762,0.6894047619047619,0.0025193983397912233,0.25368430700109457
formal_matrix,fiqa,all_minilm_l6,83,50,"7590,7109,2051,2551,5993,10845,1198,3791,3480,3177,5080,1915,1306,6562,2895,5592,503,864,3682,7326,9871,4047,6907,3067,11054,10808,10596,7205,5534,6080,8937,3446,852,5150,7344,7071,932,5196,689,2598,6479,9882,776,8539,885,2549,10414,5862,6890,6909",50,0.3848103858842673,0.4746666666666666,0.68,0.0029496875801487475,0.25368430700109457
formal_matrix,fiqa,all_minilm_l6,127,50,"11054,98,90,8789,2204,10639,10792,4600,3682,6479,4019,4999,5083,6005,1416,5090,4942,8121,2498,5993,2383,2075,928,5888,5534,10601,7295,3189,9487,5906,5970,4804,2407,7705,2465,4415,9668,2183,4394,8005,1393,4499,3694,6800,6803,3569,10827,4409,2994,89",50,0.33684834418650816,0.43310317460317455,0.7023076923076924,0.004261862620005559,0.25368430700109457
